SQL> select object_type,object_name,status from dba_objects where owner='WKSP_PENSIONCALC' and temporary='N' and object_type in ('TABLE','VIEW','SEQUENCE','INDEX','FUNCTION','PROCEDURE','PACKAGE','PACKAGE BODY','TRIGGER','TYPE','TYPE BODY','SYNONYM','MATERIALIZED VIEW') order by object_type,object_name
"FUNCTION","FNC_GET_PERSON_YEARS_OF_SERVICE","INVALID"
"INDEX","DEPT_PK","VALID"
"INDEX","EMP_1","VALID"
"INDEX","EMP_2","VALID"
"INDEX","EMP_PK","VALID"
"INDEX","PK_XXPEN_HR_FINAL_AVG_EAR_TBL","VALID"
"INDEX","SYS_C0033964","VALID"
"INDEX","SYS_C0033966","VALID"
"INDEX","SYS_C0033968","VALID"
"INDEX","SYS_C0033970","VALID"
"INDEX","SYS_C0033972","VALID"
"INDEX","SYS_C0033974","VALID"
"INDEX","SYS_C0033976","VALID"
"INDEX","SYS_C0033978","VALID"
"INDEX","SYS_C0033980","VALID"
"INDEX","SYS_C0033982","VALID"
"INDEX","SYS_C0033984","VALID"
"INDEX","SYS_C0033985","VALID"
"INDEX","SYS_C0033988","VALID"
"INDEX","SYS_C0033990","VALID"
"INDEX","SYS_C0033992","VALID"
"INDEX","SYS_C0033994","VALID"
"INDEX","SYS_C0033997","VALID"
"INDEX","SYS_C0033999","VALID"
"INDEX","SYS_C0034001","VALID"
"INDEX","SYS_C0034016","VALID"
"INDEX","SYS_C0034020","VALID"
"INDEX","SYS_C0034022","VALID"
"INDEX","SYS_C0034024","VALID"
"INDEX","SYS_C0034026","VALID"
"INDEX","SYS_C0034028","VALID"
"INDEX","SYS_C0034032","VALID"
"INDEX","SYS_C0034034","VALID"
"INDEX","SYS_C0034036","VALID"
"INDEX","SYS_C0034038","VALID"
"INDEX","SYS_C0034048","VALID"
"INDEX","SYS_C0034062","VALID"
"INDEX","SYS_C0034064","VALID"
"INDEX","SYS_C0034090","VALID"
"INDEX","SYS_C0034340","VALID"
"INDEX","SYS_C0034655","VALID"
"INDEX","SYS_C0034657","VALID"
"INDEX","SYS_C0034675","VALID"
"INDEX","SYS_IL0000132466C00006$$","VALID"
"INDEX","SYS_IL0000132469C00003$$","VALID"
"INDEX","SYS_IL0000132469C00004$$","VALID"
"INDEX","SYS_IL0000132475C00018$$","VALID"
"INDEX","SYS_IL0000132475C00019$$","VALID"
"INDEX","SYS_IL0000132475C00020$$","VALID"
"INDEX","SYS_IL0000132475C00021$$","VALID"
"INDEX","SYS_IL0000132475C00022$$","VALID"
"INDEX","SYS_IL0000132475C00023$$","VALID"
"INDEX","SYS_IL0000132490C00008$$","VALID"
"INDEX","SYS_IL0000132490C00012$$","VALID"
"INDEX","SYS_IL0000132497C00005$$","VALID"
"INDEX","SYS_IL0000132502C00012$$","VALID"
"INDEX","SYS_IL0000132502C00015$$","VALID"
"INDEX","SYS_IL0000132502C00016$$","VALID"
"INDEX","SYS_IL0000132511C00012$$","VALID"
"INDEX","SYS_IL0000132516C00012$$","VALID"
"INDEX","SYS_IL0000132521C00014$$","VALID"
"INDEX","SYS_IL0000132521C00016$$","VALID"
"INDEX","SYS_IL0000132521C00019$$","VALID"
"INDEX","SYS_IL0000132521C00022$$","VALID"
"INDEX","SYS_IL0000132521C00025$$","VALID"
"INDEX","SYS_IL0000132521C00026$$","VALID"
"INDEX","SYS_IL0000132536C00014$$","VALID"
"INDEX","SYS_IL0000132536C00016$$","VALID"
"INDEX","SYS_IL0000132536C00019$$","VALID"
"INDEX","SYS_IL0000132536C00022$$","VALID"
"INDEX","SYS_IL0000132536C00025$$","VALID"
"INDEX","SYS_IL0000132536C00026$$","VALID"
"INDEX","SYS_IL0000132551C00015$$","VALID"
"INDEX","SYS_IL0000132556C00017$$","VALID"
"INDEX","SYS_IL0000132556C00018$$","VALID"
"INDEX","SYS_IL0000132556C00019$$","VALID"
"INDEX","SYS_IL0000132565C00018$$","VALID"
"INDEX","SYS_IL0000132565C00020$$","VALID"
"INDEX","SYS_IL0000132572C00008$$","VALID"
"INDEX","SYS_IL0000132576C00001$$","VALID"
"INDEX","SYS_IL0000132576C00002$$","VALID"
"INDEX","SYS_IL0000132576C00003$$","VALID"
"INDEX","SYS_IL0000132576C00004$$","VALID"
"INDEX","SYS_IL0000132576C00005$$","VALID"
"INDEX","SYS_IL0000132576C00006$$","VALID"
"INDEX","SYS_IL0000132576C00007$$","VALID"
"INDEX","SYS_IL0000132576C00009$$","VALID"
"INDEX","SYS_IL0000132576C00010$$","VALID"
"INDEX","SYS_IL0000132576C00011$$","VALID"
"INDEX","SYS_IL0000132576C00012$$","VALID"
"INDEX","SYS_IL0000132576C00013$$","VALID"
"INDEX","SYS_IL0000132576C00014$$","VALID"
"INDEX","SYS_IL0000132576C00015$$","VALID"
"INDEX","SYS_IL0000132576C00016$$","VALID"
"INDEX","SYS_IL0000132576C00017$$","VALID"
"INDEX","SYS_IL0000132576C00018$$","VALID"
"INDEX","SYS_IL0000132576C00020$$","VALID"
"INDEX","SYS_IL0000132576C00021$$","VALID"
"INDEX","SYS_IL0000132576C00022$$","VALID"
"INDEX","SYS_IL0000132576C00023$$","VALID"
"INDEX","SYS_IL0000132576C00024$$","VALID"
"INDEX","SYS_IL0000132576C00025$$","VALID"
"INDEX","SYS_IL0000132576C00027$$","VALID"
"INDEX","SYS_IL0000132576C00028$$","VALID"
"INDEX","SYS_IL0000132576C00029$$","VALID"
"INDEX","SYS_IL0000132576C00030$$","VALID"
"INDEX","SYS_IL0000132576C00032$$","VALID"
"INDEX","SYS_IL0000132576C00033$$","VALID"
"INDEX","SYS_IL0000132576C00034$$","VALID"
"INDEX","SYS_IL0000132576C00035$$","VALID"
"INDEX","SYS_IL0000132576C00036$$","VALID"
"INDEX","SYS_IL0000132642C00013$$","VALID"
"INDEX","SYS_IL0000132642C00016$$","VALID"
"INDEX","SYS_IL0000132642C00028$$","VALID"
"INDEX","SYS_IL0000132651C00013$$","VALID"
"INDEX","SYS_IL0000132651C00016$$","VALID"
"INDEX","SYS_IL0000132651C00028$$","VALID"
"INDEX","SYS_IL0000132660C00010$$","VALID"
"INDEX","SYS_IL0000132660C00011$$","VALID"
"INDEX","SYS_IL0000132667C00012$$","VALID"
"INDEX","SYS_IL0000132667C00015$$","VALID"
"INDEX","SYS_IL0000132674C00006$$","VALID"
"INDEX","SYS_IL0000132674C00008$$","VALID"
"INDEX","SYS_IL0000132674C00009$$","VALID"
"INDEX","SYS_IL0000132674C00010$$","VALID"
"INDEX","SYS_IL0000132674C00011$$","VALID"
"INDEX","SYS_IL0000132674C00012$$","VALID"
"INDEX","SYS_IL0000132674C00013$$","VALID"
"INDEX","SYS_IL0000132674C00014$$","VALID"
"INDEX","SYS_IL0000132674C00015$$","VALID"
"INDEX","SYS_IL0000132674C00016$$","VALID"
"INDEX","SYS_IL0000132674C00017$$","VALID"
"INDEX","SYS_IL0000132674C00018$$","VALID"
"INDEX","SYS_IL0000132674C00019$$","VALID"
"INDEX","SYS_IL0000132674C00020$$","VALID"
"INDEX","SYS_IL0000132674C00024$$","VALID"
"INDEX","SYS_IL0000132674C00025$$","VALID"
"INDEX","SYS_IL0000132707C00001$$","VALID"
"INDEX","SYS_IL0000132707C00003$$","VALID"
"INDEX","SYS_IL0000132707C00005$$","VALID"
"INDEX","SYS_IL0000132707C00006$$","VALID"
"INDEX","SYS_IL0000132707C00007$$","VALID"
"INDEX","SYS_IL0000132707C00008$$","VALID"
"INDEX","SYS_IL0000132707C00009$$","VALID"
"INDEX","SYS_IL0000132707C00010$$","VALID"
"INDEX","SYS_IL0000132707C00011$$","VALID"
"INDEX","SYS_IL0000132707C00012$$","VALID"
"INDEX","SYS_IL0000132707C00013$$","VALID"
"INDEX","SYS_IL0000132707C00014$$","VALID"
"INDEX","SYS_IL0000132733C00006$$","VALID"
"INDEX","SYS_IL0000132738C00013$$","VALID"
"INDEX","SYS_IL0000132743C00013$$","VALID"
"INDEX","SYS_IL0000132748C00004$$","VALID"
"INDEX","SYS_IL0000133047C00006$$","VALID"
"INDEX","SYS_IL0000135868C00018$$","VALID"
"INDEX","SYS_IL0000135868C00019$$","VALID"
"INDEX","SYS_IL0000135868C00020$$","VALID"
"INDEX","SYS_IL0000135868C00021$$","VALID"
"INDEX","SYS_IL0000135868C00022$$","VALID"
"INDEX","SYS_IL0000135868C00023$$","VALID"
"INDEX","SYS_IL0000136920C00014$$","VALID"
"INDEX","SYS_IL0000136920C00016$$","VALID"
"INDEX","SYS_IL0000136920C00019$$","VALID"
"INDEX","SYS_IL0000136920C00022$$","VALID"
"INDEX","SYS_IL0000136920C00025$$","VALID"
"INDEX","SYS_IL0000136920C00026$$","VALID"
"INDEX","SYS_IL0000136934C00014$$","VALID"
"INDEX","SYS_IL0000136934C00016$$","VALID"
"INDEX","SYS_IL0000136934C00019$$","VALID"
"INDEX","SYS_IL0000136934C00022$$","VALID"
"INDEX","SYS_IL0000136934C00025$$","VALID"
"INDEX","SYS_IL0000136934C00026$$","VALID"
"INDEX","SYS_IL0000138337C00002$$","VALID"
"INDEX","SYS_IL0000138350C00002$$","VALID"
"INDEX","SYS_IL0000138350C00003$$","VALID"
"INDEX","SYS_IL0000138350C00005$$","VALID"
"INDEX","SYS_IL0000138350C00014$$","VALID"
"INDEX","SYS_IL0000138350C00015$$","VALID"
"INDEX","SYS_IL0000138350C00017$$","VALID"
"INDEX","SYS_IL0000138350C00018$$","VALID"
"INDEX","SYS_IL0000138350C00019$$","VALID"
"INDEX","SYS_IL0000138350C00020$$","VALID"
"INDEX","SYS_IL0000138350C00021$$","VALID"
"INDEX","SYS_IL0000138350C00022$$","VALID"
"INDEX","SYS_IL0000138350C00024$$","VALID"
"INDEX","SYS_IL0000138350C00025$$","VALID"
"INDEX","SYS_IL0000138379C00007$$","VALID"
"INDEX","SYS_IL0000138379C00008$$","VALID"
"INDEX","SYS_IL0000138379C00009$$","VALID"
"INDEX","SYS_IL0000138379C00010$$","VALID"
"INDEX","SYS_IL0000138379C00011$$","VALID"
"INDEX","SYS_IL0000138379C00013$$","VALID"
"INDEX","SYS_IL0000138379C00015$$","VALID"
"INDEX","SYS_IL0000138379C00016$$","VALID"
"INDEX","SYS_IL0000138379C00017$$","VALID"
"INDEX","SYS_IL0000138379C00018$$","VALID"
"INDEX","SYS_IL0000138379C00019$$","VALID"
"INDEX","SYS_IL0000138379C00020$$","VALID"
"INDEX","SYS_IL0000138379C00021$$","VALID"
"INDEX","SYS_IL0000138379C00022$$","VALID"
"INDEX","SYS_IL0000138379C00023$$","VALID"
"INDEX","SYS_IL0000138379C00024$$","VALID"
"INDEX","SYS_IL0000138379C00025$$","VALID"
"INDEX","SYS_IL0000138379C00026$$","VALID"
"INDEX","SYS_IL0000138379C00027$$","VALID"
"INDEX","SYS_IL0000138379C00028$$","VALID"
"INDEX","SYS_IL0000138379C00029$$","VALID"
"INDEX","SYS_IL0000138379C00030$$","VALID"
"INDEX","SYS_IL0000138484C00011$$","VALID"
"INDEX","SYS_IL0000138484C00014$$","VALID"
"INDEX","SYS_IL0000138484C00016$$","VALID"
"INDEX","SYS_IL0000138484C00019$$","VALID"
"INDEX","SYS_IL0000138484C00022$$","VALID"
"INDEX","SYS_IL0000138484C00025$$","VALID"
"INDEX","SYS_IL0000138484C00026$$","VALID"
"INDEX","SYS_IL0000139246C00008$$","VALID"
"INDEX","SYS_IL0000139246C00010$$","VALID"
"INDEX","SYS_IL0000139246C00011$$","VALID"
"INDEX","SYS_IL0000139246C00024$$","VALID"
"INDEX","SYS_IL0000139246C00025$$","VALID"
"INDEX","SYS_IL0000139246C00026$$","VALID"
"INDEX","SYS_IL0000139246C00027$$","VALID"
"INDEX","SYS_IL0000139246C00028$$","VALID"
"INDEX","SYS_IL0000139246C00030$$","VALID"
"INDEX","SYS_IL0000139246C00032$$","VALID"
"INDEX","SYS_IL0000139246C00033$$","VALID"
"INDEX","SYS_IL0000139246C00043$$","VALID"
"INDEX","SYS_IL0000139246C00044$$","VALID"
"INDEX","SYS_IL0000139246C00045$$","VALID"
"INDEX","SYS_IL0000139246C00046$$","VALID"
"INDEX","SYS_IL0000139246C00052$$","VALID"
"INDEX","SYS_IL0000139246C00053$$","VALID"
"INDEX","SYS_IL0000139246C00054$$","VALID"
"INDEX","SYS_IL0000139246C00055$$","VALID"
"INDEX","SYS_IL0000139246C00056$$","VALID"
"INDEX","SYS_IL0000139246C00061$$","VALID"
"INDEX","SYS_IL0000139246C00066$$","VALID"
"INDEX","SYS_IL0000139246C00070$$","VALID"
"INDEX","SYS_IL0000139295C00008$$","VALID"
"INDEX","SYS_IL0000139295C00010$$","VALID"
"INDEX","SYS_IL0000139295C00011$$","VALID"
"INDEX","SYS_IL0000139295C00024$$","VALID"
"INDEX","SYS_IL0000139295C00025$$","VALID"
"INDEX","SYS_IL0000139295C00026$$","VALID"
"INDEX","SYS_IL0000139295C00027$$","VALID"
"INDEX","SYS_IL0000139295C00028$$","VALID"
"INDEX","SYS_IL0000139295C00030$$","VALID"
"INDEX","SYS_IL0000139295C00032$$","VALID"
"INDEX","SYS_IL0000139295C00033$$","VALID"
"INDEX","SYS_IL0000139295C00043$$","VALID"
"INDEX","SYS_IL0000139295C00044$$","VALID"
"INDEX","SYS_IL0000139295C00045$$","VALID"
"INDEX","SYS_IL0000139295C00046$$","VALID"
"INDEX","SYS_IL0000139295C00052$$","VALID"
"INDEX","SYS_IL0000139295C00053$$","VALID"
"INDEX","SYS_IL0000139295C00054$$","VALID"
"INDEX","SYS_IL0000139295C00055$$","VALID"
"INDEX","SYS_IL0000139295C00056$$","VALID"
"INDEX","SYS_IL0000139295C00061$$","VALID"
"INDEX","SYS_IL0000139295C00066$$","VALID"
"INDEX","SYS_IL0000139295C00070$$","VALID"
"INDEX","XXAFW_PROCESS_MONITOR_LINES_TBL_IDX01","VALID"
"INDEX","XXAFW_PROCESS_MONITOR_LINES_TBL_IDX02","VALID"
"INDEX","XXAFW_PROCESS_MONITOR_LINES_TBL_PK","VALID"
"INDEX","XXAFW_PROCESS_MONITOR_TBL_IDX01","VALID"
"INDEX","XXAFW_PROCESS_MONITOR_TBL_IDX02","VALID"
"INDEX","XXAFW_PROCESS_MONITOR_TBL_PK","VALID"
"INDEX","XXPEN_DEBUG_LOGS_TBL_PK","VALID"
"INDEX","XXPEN_HR_ACTUAL_EARN_HOURS_IDX_7","VALID"
"INDEX","XXPEN_HR_ACTUAL_EARN_HOURS_OIC_CON","VALID"
"INDEX","XXPEN_HR_ACTUAL_EARN_HOURS_OIC_TBL_IDX01","VALID"
"INDEX","XXPEN_HR_ACTUAL_EARN_HOURS_TBL","VALID"
"INDEX","XXPEN_HR_ACTUAL_EARN_HOURS_TBL_IDX01","VALID"
"INDEX","XXPEN_HR_ACTUAL_EARN_HOURS_TBL_N1","VALID"
"INDEX","XXPEN_HR_ACTUAL_EARN_HOURS_TBL_N2","VALID"
"INDEX","XXPEN_HR_ACTUAL_EARN_HOURS_TBL_N3","VALID"
"INDEX","XXPEN_HR_ACTUAL_EARN_HOURS_TBL_N4","VALID"
"INDEX","XXPEN_HR_ACTUAL_EARN_HOURS_TBL_N5","VALID"
"INDEX","XXPEN_HR_ADMIN_FIELDS_TBL_CON","VALID"
"INDEX","XXPEN_HR_ADMIN_TRACK_TBL_CON","VALID"
"INDEX","XXPEN_HR_BENEFICIARY_TBL_IDX01","VALID"
"INDEX","XXPEN_HR_BENEFICIARY_TBL_IDX02","VALID"
"INDEX","XXPEN_HR_BENEFICIARY_TBL_IDX03","VALID"
"INDEX","XXPEN_HR_CALCULATION_TYPES_TBL_PK","VALID"
"INDEX","XXPEN_HR_COMMON_LOOKUPS_TBL_CON","VALID"
"INDEX","XXPEN_HR_CONSOLIDATED_EAR_HOUR_TBL","VALID"
"INDEX","XXPEN_HR_CONSOLIDATED_EAR_HOUR_TBL_IDX01","VALID"
"INDEX","XXPEN_HR_CONSOLIDATED_EAR_HOUR_TBL_IDX02","VALID"
"INDEX","XXPEN_HR_CONSOLIDATED_EAR_HOUR_TBL_IDX03","VALID"
"INDEX","XXPEN_HR_CONSOLIDATED_EAR_HOUR_TBL_IDX04","VALID"
"INDEX","XXPEN_HR_CONTROL_TBL_PK","VALID"
"INDEX","XXPEN_HR_COS_TBL_IDX2","VALID"
"INDEX","XXPEN_HR_COS_TBL_PK","VALID"
"INDEX","XXPEN_HR_DISABILITY_INFO_TBL_UK1","VALID"
"INDEX","XXPEN_HR_ERD_RATES_TBL_PK","VALID"
"INDEX","XXPEN_HR_ESTIMATE_OVERRIDES_TBL_CONS","VALID"
"INDEX","XXPEN_HR_FACTORS_TBL_CONS","VALID"
"INDEX","XXPEN_HR_FACTORS_TBL_IDX","VALID"
"INDEX","XXPEN_HR_FACTORS_TBL_SRINI_CONS","VALID"
"INDEX","XXPEN_HR_FIELDS_USED_BY_TBL_PK","VALID"
"INDEX","XXPEN_HR_FINAL_EARN_HOURS_TBL_IDX01","VALID"
"INDEX","XXPEN_HR_FINAL_EARN_HOURS_TBL_IDX03","VALID"
"INDEX","XXPEN_HR_FINAL_EARN_HOURS_TBL_IDX04","VALID"
"INDEX","XXPEN_HR_FINAL_EARN_HOURS_TBL_IDX05","VALID"
"INDEX","XXPEN_HR_FINAL_EARN_HOURS_TBL_N1","VALID"
"INDEX","XXPEN_HR_LIMITS_TBL_CONS","VALID"
"INDEX","XXPEN_HR_MN_JOB_HISTORY_31JUL2024_IDX01","VALID"
"INDEX","XXPEN_HR_MN_JOB_HISTORY_31JUL2024_IDX02","VALID"
"INDEX","XXPEN_HR_MN_JOB_HISTORY_31JUL2024_IDX03","VALID"
"INDEX","XXPEN_HR_MN_PAY_EARN_RAW_IDX_1","VALID"
"INDEX","XXPEN_HR_MN_PAY_EARN_RAW_IDX_2","VALID"
"INDEX","XXPEN_HR_OIC_INTEGRATIONS_PK","VALID"
"INDEX","XXPEN_HR_OIC_INTEGRATION_PARAMETERS_PK","VALID"
"INDEX","XXPEN_HR_PAYMENT_ATTR_TBL_PK","VALID"
"INDEX","XXPEN_HR_PAYMENT_INFO_TBL_PK","VALID"
"INDEX","XXPEN_HR_PAYMENT_STATUS_TBL_PK","VALID"
"INDEX","XXPEN_HR_PAY_DATA_DELTA_IDX_1","VALID"
"INDEX","XXPEN_HR_PAY_DATA_SHIVDUTT_IDX_1","VALID"
"INDEX","XXPEN_HR_PAY_DATA_SHIVDUTT_IDX_2","VALID"
"INDEX","XXPEN_HR_PAY_DATA_SHIVDUTT_IDX_3","VALID"
"INDEX","XXPEN_HR_PAY_DATA_SHIV_IDX_1","VALID"
"INDEX","XXPEN_HR_PAY_DATA_SHIV_IDX_2","VALID"
"INDEX","XXPEN_HR_PAY_DATA_SHIV_IDX_3","VALID"
"INDEX","XXPEN_HR_PAY_DATA_SRINI_IDX_1","VALID"
"INDEX","XXPEN_HR_PAY_DATA_SRINI_IDX_3","VALID"
"INDEX","XXPEN_HR_PAY_DATA_SRINI_TBL_IDX01","VALID"
"INDEX","XXPEN_HR_PENSION_CAL_TBL","VALID"
"INDEX","XXPEN_HR_PENSION_CAL_TBL_IDX2","VALID"
"INDEX","XXPEN_HR_PENSION_FIELD_MASTER_TBL_PK","VALID"
"INDEX","XXPEN_HR_PENSION_INQUIRIES_PK","VALID"
"INDEX","XXPEN_HR_PENSION_PARTICIPANTS_TBL_IDX01","VALID"
"INDEX","XXPEN_HR_PENSION_PARTICIPANTS_TBL_IDX02","VALID"
"INDEX","XXPEN_HR_PENSION_PARTICIPANTS_TBL_IDX03","VALID"
"INDEX","XXPEN_HR_PENSION_PARTICIPANTS_TBL_PK","VALID"
"INDEX","XXPEN_HR_PENSION_PARTICIPANTS_TBL_UK1","VALID"
"INDEX","XXPEN_HR_PLAN_BENEFIT_INFO_TBL_IDX01","VALID"
"INDEX","XXPEN_HR_PLAN_BENEFIT_INFO_TBL_IDX02","VALID"
"INDEX","XXPEN_HR_PLAN_BENEFIT_INFO_TBL_IDX03","VALID"
"INDEX","XXPEN_HR_PLAN_BENEFIT_INFO_TBL_IDX04","VALID"
"INDEX","XXPEN_HR_PLAN_BENEFIT_INFO_TBL_PK","VALID"
"INDEX","XXPEN_HR_PLAN_CALC_ATTR_TBL_IDX01","VALID"
"INDEX","XXPEN_HR_PROJECTED_CONSOLIDATED_EAR_HOUR_TBL","VALID"
"INDEX","XXPEN_HR_PROJECTED_CONSOLIDATED_EAR_HOUR_TBL_IDX01","VALID"
"INDEX","XXPEN_HR_PROJECTED_CONSOLIDATED_EAR_HOUR_TBL_IDX02","VALID"
"INDEX","XXPEN_HR_PROJECTED_CONSOLIDATED_EAR_HOUR_TBL_IDX03","VALID"
"INDEX","XXPEN_HR_PROJECTED_CONSOLIDATED_EAR_HOUR_TBL_IDX04","VALID"
"INDEX","XXPEN_HR_PROJECTED_CONSOLIDATED_EAR_HOUR_TBL_IDX05","VALID"
"INDEX","XXPEN_HR_PROJECTED_EARN_HOURS_ESTIMATE_TBL_IDX01","VALID"
"INDEX","XXPEN_HR_PROJECTED_EARN_HOURS_ESTIMATE_TBL_IDX03","VALID"
"INDEX","XXPEN_HR_PROJECTED_EARN_HOURS_ESTIMATE_TBL_IDX05","VALID"
"INDEX","XXPEN_HR_PROJECTED_SERVICE_TIME_HEADERS_TBL_IDX01","VALID"
"INDEX","XXPEN_HR_QDRO_TBL_CON","VALID"
"INDEX","XXPEN_HR_SCIM_USERS_TBL_CON","VALID"
"INDEX","XXPEN_HR_SERVICE_TIME_HEADERS_CONS","VALID"
"INDEX","XXPEN_HR_SERVICE_TIME_HEADERS_TBL_IDX01","VALID"
"INDEX","XXPEN_HR_SERVICE_TIME_HEADERS_TBL_IDX02","VALID"
"INDEX","XXPEN_HR_SERVICE_TIME_HEADERS_TBL_IDX03","VALID"
"INDEX","XXPEN_HR_SERVICE_TIME_LINES_TBL_IDX01","VALID"
"INDEX","XXPEN_HR_SERVICE_TIME_LINES_TBL_IDX02","VALID"
"INDEX","XXPEN_HR_SERVICE_TIME_LINES_TBL_IDX03","VALID"
"INDEX","XXPEN_HR_SERVICE_TIME_LINES_TBL_IDX04","VALID"
"INDEX","XXPEN_HR_SERVICE_TIME_LINES_TBL_NEW_PK","VALID"
"INDEX","XXPEN_HR_SICK_LEAVE_TBL","VALID"
"INDEX","XXPEN_HR_SICK_LEAVE_TBL_IDX01","VALID"
"INDEX","XXPEN_HR_SUMMER_MONTHS_TBL","VALID"
"INDEX","XXPEN_HR_SUMMER_MONTHS_TBL_IDX","VALID"
"INDEX","XXPEN_INT093_EMP_LOAD_STATUS_STG_PK","VALID"
"INDEX","XXPEN_PERSONAL_FAVORITES_LINES_PK","VALID"
"INDEX","XXPEN_PERSONAL_FAVORITES_PK","VALID"
"PACKAGE","XXAFW_PROCESS_MONITOR_PKG","VALID"
"PACKAGE","XXPEN_CONV_PKG","VALID"
"PACKAGE","XXPEN_EMAIL_TEMPLATES_PKG","VALID"
"PACKAGE","XXPEN_GLOBAL_VARIABLE_PKG","VALID"
"PACKAGE","XXPEN_HR_FINAL_HOUR_UPD_PKG","VALID"
"PACKAGE","XXPEN_HR_PENSION_PKG","VALID"
"PACKAGE","XXPEN_INT093_PYMT_STATUS_UPDATE_PKG","VALID"
"PACKAGE","XXPEN_LOAD_XXPEN_HR_FACTORS_MAIN_PKG","VALID"
"PACKAGE","XXPEN_LOAD_XXPEN_HR_FACTORS_PKG","VALID"
"PACKAGE","XXPEN_LOAD_XXPEN_HR_JDE_RAW_DATA_PKG","VALID"
"PACKAGE","XXPEN_OIC_API_PKG","VALID"
"PACKAGE","XXPEN_PENSION_ADHOC_CALCULATIONS_PKG","VALID"
"PACKAGE","XXPEN_PENSION_ADMIN_CONFIGURATION","VALID"
"PACKAGE","XXPEN_PENSION_ADMIN_DATA_LOAD","VALID"
"PACKAGE","XXPEN_PENSION_ADMIN_TRACKING_PKG","VALID"
"PACKAGE","XXPEN_PENSION_ADMIN_UTILITY","VALID"
"PACKAGE","XXPEN_PENSION_CALCULATIONS_PKG","VALID"
"PACKAGE","XXPEN_PENSION_CREDIT_ELIGIBILITY_PKG","VALID"
"PACKAGE","XXPEN_PENSION_PLAN_BENEFECIARIES_PKG","VALID"
"PACKAGE","XXPEN_PENSION_PLAN_INFORMATION_PKG","VALID"
"PACKAGE","XXPEN_PENSION_SERVICE_INFORMATION_PKG","VALID"
"PACKAGE","XXPEN_PENSION_SPLIT_COS_PKG","VALID"
"PACKAGE","XXPEN_REMOVE_DUPS_PKG","VALID"
"PACKAGE","XXPEN_SELF_SERVICE_PKG","VALID"
"PACKAGE","XXPEN_UPDATE_FOR_INT_PKG","VALID"
"PACKAGE","XXPEN_UTIL_PKG","VALID"
"PACKAGE","XXXPEN_ESTIMATE_PKG","VALID"
"PACKAGE BODY","XXAFW_PROCESS_MONITOR_PKG","VALID"
"PACKAGE BODY","XXPEN_CONV_PKG","VALID"
"PACKAGE BODY","XXPEN_EMAIL_TEMPLATES_PKG","VALID"
"PACKAGE BODY","XXPEN_HR_FINAL_HOUR_UPD_PKG","VALID"
"PACKAGE BODY","XXPEN_HR_PENSION_PKG","VALID"
"PACKAGE BODY","XXPEN_INT093_PYMT_STATUS_UPDATE_PKG","VALID"
"PACKAGE BODY","XXPEN_LOAD_XXPEN_HR_FACTORS_MAIN_PKG","VALID"
"PACKAGE BODY","XXPEN_LOAD_XXPEN_HR_FACTORS_PKG","VALID"
"PACKAGE BODY","XXPEN_LOAD_XXPEN_HR_JDE_RAW_DATA_PKG","VALID"
"PACKAGE BODY","XXPEN_OIC_API_PKG","VALID"
"PACKAGE BODY","XXPEN_PENSION_ADHOC_CALCULATIONS_PKG","VALID"
"PACKAGE BODY","XXPEN_PENSION_ADMIN_CONFIGURATION","VALID"
"PACKAGE BODY","XXPEN_PENSION_ADMIN_DATA_LOAD","VALID"
"PACKAGE BODY","XXPEN_PENSION_ADMIN_TRACKING_PKG","VALID"
"PACKAGE BODY","XXPEN_PENSION_ADMIN_UTILITY","VALID"
"PACKAGE BODY","XXPEN_PENSION_CALCULATIONS_PKG","VALID"
"PACKAGE BODY","XXPEN_PENSION_CREDIT_ELIGIBILITY_PKG","VALID"
"PACKAGE BODY","XXPEN_PENSION_PLAN_BENEFECIARIES_PKG","VALID"
"PACKAGE BODY","XXPEN_PENSION_PLAN_INFORMATION_PKG","VALID"
"PACKAGE BODY","XXPEN_PENSION_SERVICE_INFORMATION_PKG","VALID"
"PACKAGE BODY","XXPEN_PENSION_SPLIT_COS_PKG","VALID"
"PACKAGE BODY","XXPEN_REMOVE_DUPS_PKG","VALID"
"PACKAGE BODY","XXPEN_SELF_SERVICE_PKG","VALID"
"PACKAGE BODY","XXPEN_UPDATE_FOR_INT_PKG","VALID"
"PACKAGE BODY","XXPEN_UTIL_PKG","VALID"
"PACKAGE BODY","XXXPEN_ESTIMATE_PKG","VALID"
"PROCEDURE","HR_JDE_RAW_DATA_LOAD_PROC","VALID"
"PROCEDURE","UPDATE_DIVA_MEMBER_PLAN_PRC","VALID"
"PROCEDURE","XXPEN_HR_PROC","VALID"
"PROCEDURE","XXPEN_LOG_MESSAGE_PRC","VALID"
"PROCEDURE","XXPEN_PRINT_CLOB","VALID"
"SEQUENCE","ISEQ$$_132475","VALID"
"SEQUENCE","ISEQ$$_132490","VALID"
"SEQUENCE","ISEQ$$_132497","VALID"
"SEQUENCE","ISEQ$$_132502","VALID"
"SEQUENCE","ISEQ$$_132511","VALID"
"SEQUENCE","ISEQ$$_132516","VALID"
"SEQUENCE","ISEQ$$_132521","VALID"
"SEQUENCE","ISEQ$$_132536","VALID"
"SEQUENCE","ISEQ$$_132551","VALID"
"SEQUENCE","ISEQ$$_132556","VALID"
"SEQUENCE","ISEQ$$_132565","VALID"
"SEQUENCE","ISEQ$$_132642","VALID"
"SEQUENCE","ISEQ$$_132651","VALID"
"SEQUENCE","ISEQ$$_132660","VALID"
"SEQUENCE","ISEQ$$_132667","VALID"
"SEQUENCE","ISEQ$$_132733","VALID"
"SEQUENCE","ISEQ$$_132738","VALID"
"SEQUENCE","ISEQ$$_132743","VALID"
"SEQUENCE","ISEQ$$_132748","VALID"
"SEQUENCE","ISEQ$$_132753","VALID"
"SEQUENCE","ISEQ$$_132756","VALID"
"SEQUENCE","ISEQ$$_132761","VALID"
"SEQUENCE","ISEQ$$_132770","VALID"
"SEQUENCE","ISEQ$$_132774","VALID"
"SEQUENCE","ISEQ$$_132777","VALID"
"SEQUENCE","ISEQ$$_132780","VALID"
"SEQUENCE","ISEQ$$_132783","VALID"
"SEQUENCE","ISEQ$$_132786","VALID"
"SEQUENCE","ISEQ$$_132789","VALID"
"SEQUENCE","ISEQ$$_132792","VALID"
"SEQUENCE","ISEQ$$_132795","VALID"
"SEQUENCE","ISEQ$$_132798","VALID"
"SEQUENCE","ISEQ$$_132801","VALID"
"SEQUENCE","ISEQ$$_132809","VALID"
"SEQUENCE","ISEQ$$_132812","VALID"
"SEQUENCE","ISEQ$$_132847","VALID"
"SEQUENCE","ISEQ$$_132850","VALID"
"SEQUENCE","ISEQ$$_132856","VALID"
"SEQUENCE","ISEQ$$_132860","VALID"
"SEQUENCE","ISEQ$$_132879","VALID"
"SEQUENCE","ISEQ$$_132882","VALID"
"SEQUENCE","ISEQ$$_132892","VALID"
"SEQUENCE","ISEQ$$_132895","VALID"
"SEQUENCE","ISEQ$$_132903","VALID"
"SEQUENCE","ISEQ$$_132910","VALID"
"SEQUENCE","ISEQ$$_135868","VALID"
"SEQUENCE","ISEQ$$_138337","VALID"
"SEQUENCE","ISEQ$$_138350","VALID"
"SEQUENCE","ISEQ$$_138484","VALID"
"SEQUENCE","XXAFW_MONITOR_PROCESS_LINES_SEQ","VALID"
"SEQUENCE","XXAFW_MONITOR_PROCESS_SEQ","VALID"
"SEQUENCE","XXAFW_PROCESS_MONITOR_LINES_SEQ","VALID"
"SEQUENCE","XXAFW_PROCESS_MONITOR_SEQ","VALID"
"SEQUENCE","XXPEN_ERD_RATE_ID_SEQ","VALID"
"SEQUENCE","XXPEN_EST_BENEFICIARY_PERSON_NUMBER_SEQ","VALID"
"SEQUENCE","XXPEN_FIELD_ID_SEQ","VALID"
"SEQUENCE","XXPEN_FIELD_USED_BY_ID_SEQ","VALID"
"SEQUENCE","XXPEN_HR_ACTUAL_EARN_HOURS_TBL_SEQ","VALID"
"SEQUENCE","XXPEN_HR_ADMIN_FIELD_SEQ","VALID"
"SEQUENCE","XXPEN_HR_ADMIN_NOTES_TBL_SEQ","VALID"
"SEQUENCE","XXPEN_HR_BENEFICIARY_ID_SEQ","VALID"
"SEQUENCE","XXPEN_HR_CALCULATION_ID_SEQ","VALID"
"SEQUENCE","XXPEN_HR_COMMON_LOOKUPS_SEQ","VALID"
"SEQUENCE","XXPEN_HR_CONSOLIDATED_EAR_HOUR_SEQ","VALID"
"SEQUENCE","XXPEN_HR_COS_TBL_SEQ","VALID"
"SEQUENCE","XXPEN_HR_DEPENDANT_ID_SEQ","VALID"
"SEQUENCE","XXPEN_HR_DISABILITY_INFO_TBL_SEQ","VALID"
"SEQUENCE","XXPEN_HR_ESTIMATE_OVERRIDES_SEQ","VALID"
"SEQUENCE","XXPEN_HR_ESTIMATE_USED_BY_SEQ","VALID"
"SEQUENCE","XXPEN_HR_FACTOR_ID_SEQ","VALID"
"SEQUENCE","XXPEN_HR_FINAL_AVG_EAR_SEQ","VALID"
"SEQUENCE","XXPEN_HR_FINAL_EARN_HOURS_SEQ","VALID"
"SEQUENCE","XXPEN_HR_LIMIT_ID_SEQ","VALID"
"SEQUENCE","XXPEN_HR_NOTIFICATIONS_SEQ","VALID"
"SEQUENCE","XXPEN_HR_PARTICIPANTS_ID_SEQ","VALID"
"SEQUENCE","XXPEN_HR_PAY_DATA_SEQ","VALID"
"SEQUENCE","XXPEN_HR_PAY_DATA_SRINI_101325_SEQ","VALID"
"SEQUENCE","XXPEN_HR_PENSION_INQUIRIES_SEQ","VALID"
"SEQUENCE","XXPEN_HR_PROJECTED_CONSOLIDATED_EAR_HOUR_SEQ","VALID"
"SEQUENCE","XXPEN_HR_PROJECTED_SERVICE_TIME_LINES_SEQ","VALID"
"SEQUENCE","XXPEN_HR_SERVICE_HEADER_ID_SEQ","VALID"
"SEQUENCE","XXPEN_HR_SERVICE_TIME_LINES_TBL_SEQ","VALID"
"SEQUENCE","XXPEN_HR_SUMMER_MONTHS_TBL_SEQ","VALID"
"TABLE","DEPT","VALID"
"TABLE","EMP","VALID"
"TABLE","HTMLDB_PLAN_TABLE","VALID"
"TABLE","OLD_EMPID_TO_NEW_EMPID_XREF","VALID"
"TABLE","OLD_EMPID_TO_NEW_EMPID_XREF_28JAN","VALID"
"TABLE","TMP_MISSING_BEN_MAPPING_LOAD","VALID"
"TABLE","XXAFW_PROCESS_MONITOR_HIST_TBL","VALID"
"TABLE","XXAFW_PROCESS_MONITOR_LINES_HIST_TBL","VALID"
"TABLE","XXAFW_PROCESS_MONITOR_LINES_TBL","VALID"
"TABLE","XXAFW_PROCESS_MONITOR_TBL","VALID"
"TABLE","XXPEN_DEBUG_LOGS_TBL","VALID"
"TABLE","XXPEN_DIV_A_MEMBERS_TBL","VALID"
"TABLE","XXPEN_HR_ACTUAL_EARN_HOURS_OIC_TBL","VALID"
"TABLE","XXPEN_HR_ACTUAL_EARN_HOURS_TBL","VALID"
"TABLE","XXPEN_HR_ADMIN_FIELDS_TBL","VALID"
"TABLE","XXPEN_HR_ADMIN_NOTES_TBL","VALID"
"TABLE","XXPEN_HR_ADMIN_TRACKING_TBL","VALID"
"TABLE","XXPEN_HR_ADMIN_USERS_TBL","VALID"
"TABLE","XXPEN_HR_ALREADY_ON_PENSION","VALID"
"TABLE","XXPEN_HR_AON_PAY_DATA_TBL","VALID"
"TABLE","XXPEN_HR_ASSIGNMENT_STATUS_TBL","VALID"
"TABLE","XXPEN_HR_BENEFICIARY_TBL","VALID"
"TABLE","XXPEN_HR_BENEFICIARY_TBL_12312025","VALID"
"TABLE","XXPEN_HR_BEN_REL_TYPE_RAW","VALID"
"TABLE","XXPEN_HR_CALCULATION_TYPES_TBL","VALID"
"TABLE","XXPEN_HR_COLA_A_FINAL_2024_TBL","VALID"
"TABLE","XXPEN_HR_COLA_B_FINAL_2024_TBL","VALID"
"TABLE","XXPEN_HR_COLA_MNPS_CLOSED_TBL","VALID"
"TABLE","XXPEN_HR_COLA_OTHER_CLOSED_TBL","VALID"
"TABLE","XXPEN_HR_COMMON_LOOKUPS_TBL","VALID"
"TABLE","XXPEN_HR_CONSOLIDATED_EAR_HOUR_TBL","VALID"
"TABLE","XXPEN_HR_CONTROL_TBL","VALID"
"TABLE","XXPEN_HR_COS_TBL","VALID"
"TABLE","XXPEN_HR_DEPENDENT_TBL","VALID"
"TABLE","XXPEN_HR_DEPEND_BEN_RAW","VALID"
"TABLE","XXPEN_HR_DEPEND_BEN_RAW_SRINI","VALID"
"TABLE","XXPEN_HR_DISABILITY_INFO_TBL","VALID"
"TABLE","XXPEN_HR_EBS_RAW_DATA_TBL","VALID"
"TABLE","XXPEN_HR_EMPLOYEE_CATG_LKUP_TBL","VALID"
"TABLE","XXPEN_HR_EPV_TMP","VALID"
"TABLE","XXPEN_HR_ERD_RATES_TBL","VALID"
"TABLE","XXPEN_HR_ERD_RATES_TBL_BKP_10022025","VALID"
"TABLE","XXPEN_HR_ESTIMATES_USED_BY_TBL","VALID"
"TABLE","XXPEN_HR_ESTIMATE_OVERRIDES_ARCHIVE_TBL","VALID"
"TABLE","XXPEN_HR_ESTIMATE_OVERRIDES_TBL","VALID"
"TABLE","XXPEN_HR_FACTORS_CHUNKED","VALID"
"TABLE","XXPEN_HR_FACTORS_SHIVDUTT","VALID"
"TABLE","XXPEN_HR_FACTORS_TBL","VALID"
"TABLE","XXPEN_HR_FACTORS_TBL_BKP_10022025","VALID"
"TABLE","XXPEN_HR_FACTORS_TBL_BKP_121925","VALID"
"TABLE","XXPEN_HR_FACTORS_TBL_SRINI","VALID"
"TABLE","XXPEN_HR_FIELDS_USED_BY_TBL","VALID"
"TABLE","XXPEN_HR_FINAL_AVG_EAR_ESTIMATE_ARCHIVE_TBL","VALID"
"TABLE","XXPEN_HR_FINAL_AVG_EAR_ESTIMATE_TBL","VALID"
"TABLE","XXPEN_HR_FINAL_AVG_EAR_TBL","VALID"
"TABLE","XXPEN_HR_FINAL_EARN_HOURS_TBL","VALID"
"TABLE","XXPEN_HR_FINAL_EARN_HOURS_TBL_101425","VALID"
"TABLE","XXPEN_HR_INT093_EMP_LOAD_STATUS_STG","VALID"
"TABLE","XXPEN_HR_JDE_RAW_DATA_TBL","VALID"
"TABLE","XXPEN_HR_JDE_RAW_DATA_TBL_BKP_09122025","VALID"
"TABLE","XXPEN_HR_LIMITS_TBL","VALID"
"TABLE","XXPEN_HR_LIMITS_TBL_BKP_10022025","VALID"
"TABLE","XXPEN_HR_MF_MN_PAY_DATA_TBL","VALID"
"TABLE","XXPEN_HR_MF_PAY_DATA","VALID"
"TABLE","XXPEN_HR_MISSING_PLAN_BENEFIT_INFO_TBL","VALID"
"TABLE","XXPEN_HR_MN_JOB_HISTORY_31JUL2024","VALID"
"TABLE","XXPEN_HR_MN_JOB_HISTORY_31JUL2024_BKP_121825","VALID"
"TABLE","XXPEN_HR_MN_JOB_HISTORY_31JUL2024_XREF","VALID"
"TABLE","XXPEN_HR_MN_JOB_HISTORY_SRINI","VALID"
"TABLE","XXPEN_HR_MN_MF_EEINFO","VALID"
"TABLE","XXPEN_HR_MN_MF_PL5_JOBDATA_FULL","VALID"
"TABLE","XXPEN_HR_MN_MF_WORKHIST","VALID"
"TABLE","XXPEN_HR_MN_MPS_PAY_DATA_TBL","VALID"
"TABLE","XXPEN_HR_MN_PAY_EARN_RAW","VALID"
"TABLE","XXPEN_HR_MN_PAY_EARN_RAW_EXCL","VALID"
"TABLE","XXPEN_HR_NOTIFICATIONS_TBL","VALID"
"TABLE","XXPEN_HR_OIC_INTEGRATIONS","VALID"
"TABLE","XXPEN_HR_OIC_INTEGRATION_PARAMETERS","VALID"
"TABLE","XXPEN_HR_OPTION_A_TMP","VALID"
"TABLE","XXPEN_HR_OPTION_B_TMP","VALID"
"TABLE","XXPEN_HR_OPTION_C_IMMED","VALID"
"TABLE","XXPEN_HR_OPTION_D_TMP","VALID"
"TABLE","XXPEN_HR_PAYMENT_INFO_TBL","VALID"
"TABLE","XXPEN_HR_PAYMENT_INFO_TBL_AUDIT","VALID"
"TABLE","XXPEN_HR_PAYMENT_STATUS_TBL","VALID"
"TABLE","XXPEN_HR_PAYMENT_STATUS_TBL_AUDIT","VALID"
"TABLE","XXPEN_HR_PAY_DATA_DELTA","VALID"
"TABLE","XXPEN_HR_PAY_DATA_DUPS_101025","VALID"
"TABLE","XXPEN_HR_PAY_DATA_SHIVDUTT","VALID"
"TABLE","XXPEN_HR_PAY_DATA_SHIVDUTT_101325","VALID"
"TABLE","XXPEN_HR_PAY_DATA_SRINI","VALID"
"TABLE","XXPEN_HR_PAY_DATA_SRINI_101325","VALID"
"TABLE","XXPEN_HR_PAY_DATA_SRINI_BKP_121825","VALID"
"TABLE","XXPEN_HR_PAY_DATA_SRINI_XREF","VALID"
"TABLE","XXPEN_HR_PENSION_CAL_ARCHIVE_TBL","VALID"
"TABLE","XXPEN_HR_PENSION_CAL_TBL","VALID"
"TABLE","XXPEN_HR_PENSION_FIELD_MASTER_TBL","VALID"
"TABLE","XXPEN_HR_PENSION_INQUIRIES_TBL","VALID"
"TABLE","XXPEN_HR_PENSION_PARTICIPANTS_TBL","VALID"
"TABLE","XXPEN_HR_PENSION_PARTICIPANTS_TBL_ERR$","VALID"
"TABLE","XXPEN_HR_PENSION_PARTICIPANTS_TBL_ERR$1","VALID"
"TABLE","XXPEN_HR_PERSONAL_DATA","VALID"
"TABLE","XXPEN_HR_PERSONAL_DATA_ERR$","VALID"
"TABLE","XXPEN_HR_PLAN_BENEFIT_INFO_TBL","VALID"
"TABLE","XXPEN_HR_PLAN_CALC_ATTR_TBL","VALID"
"TABLE","XXPEN_HR_PLAN_DATA","VALID"
"TABLE","XXPEN_HR_PROJECTED_CONSOLIDATED_EAR_HOUR_TBL","VALID"
"TABLE","XXPEN_HR_PROJECTED_EARN_HOURS_ESTIMATE_TBL","VALID"
"TABLE","XXPEN_HR_PROJECTED_FINAL_AVG_EAR_TBL","VALID"
"TABLE","XXPEN_HR_PROJECTED_SERVICE_TIME_HEADERS_TBL","VALID"
"TABLE","XXPEN_HR_PROJECTED_SERVICE_TIME_LINES_TBL","VALID"
"TABLE","XXPEN_HR_PS_POST_TAX_CONTR_TBL","VALID"
"TABLE","XXPEN_HR_QDRO_TBL","VALID"
"TABLE","XXPEN_HR_SCIM_USERS_TBL","VALID"
"TABLE","XXPEN_HR_SERVICE_TIME_HEADERS_ESTIMATE_ARCHIVE_TBL","VALID"
"TABLE","XXPEN_HR_SERVICE_TIME_HEADERS_ESTIMATE_TBL","VALID"
"TABLE","XXPEN_HR_SERVICE_TIME_HEADERS_TBL","VALID"
"TABLE","XXPEN_HR_SERVICE_TIME_LINES_ESTIMATE_TBL","VALID"
"TABLE","XXPEN_HR_SERVICE_TIME_LINES_TBL","VALID"
"TABLE","XXPEN_HR_SICK_LEAVE_TBL","VALID"
"TABLE","XXPEN_HR_SUMMER_MONTHS_FLAT_TBL","VALID"
"TABLE","XXPEN_HR_SUMMER_MONTHS_TBL","VALID"
"TABLE","XXPEN_HR_SUMMER_MONTH_SETUP","VALID"
"TABLE","XXPEN_HR_URD_ERD_14AUG2024_TBL","VALID"
"TABLE","XXPEN_MN_DEPENDENT_BENEF_12262025","VALID"
"TABLE","XXPEN_MN_DEPENDENT_BENEF_12262025_ERR$","VALID"
"TABLE","XXPEN_MN_JOB_HISTORY_12012025_TO_12262025","VALID"
"TABLE","XXPEN_OPTION_E_TMP","VALID"
"TABLE","XXPEN_OPTION_F_TMP","VALID"
"TABLE","XXPEN_PERSONAL_FAVORITES","VALID"
"TABLE","XXPEN_PERSONAL_FAVORITES_LINES","VALID"
"TABLE","XXPEN_PS_MNDC_URD_ERD_HARD_CODED_12262025","VALID"
"TABLE","XXPEN_URD_ERD_STG_TBL","VALID"
"TABLE","XX_PART_92_TEST_TBL","VALID"
"TABLE","XX_PAY_DUMMY","VALID"
"TRIGGER","BIU_TRG_XXPEN_HR_ACTUAL_EARN_HOURS_OIC","VALID"
"TRIGGER","BIU_TRG_XXPEN_HR_ACTUAL_EARN_HOURS_TBL","VALID"
"TRIGGER","BIU_XXAFW_PROCESS_MONITOR_TBL","VALID"
"TRIGGER","BIU_XXPEN_HR_ADMIN_NOTES_TBL","VALID"
"TRIGGER","BIU_XXPEN_HR_BENEFICIARY_TBL","VALID"
"TRIGGER","BIU_XXPEN_HR_CALCULATION_TYPES_TBL","VALID"
"TRIGGER","BIU_XXPEN_HR_CONSOLIDATED_EAR_HOUR_TBL","VALID"
"TRIGGER","BIU_XXPEN_HR_COS_TBL","VALID"
"TRIGGER","BIU_XXPEN_HR_DEPENDENT_TBL","VALID"
"TRIGGER","BIU_XXPEN_HR_DISABILITY_INFO_TBL","VALID"
"TRIGGER","BIU_XXPEN_HR_ESTIMATE_OVERRIDES_TBL","VALID"
"TRIGGER","BIU_XXPEN_HR_FIELDS_USED_BY_TBL","VALID"
"TRIGGER","BIU_XXPEN_HR_FINAL_AVG_EAR_TBL","VALID"
"TRIGGER","BIU_XXPEN_HR_FINAL_EARN_HOURS_TBL","VALID"
"TRIGGER","BIU_XXPEN_HR_PENSION_INQUIRIES_TBL","VALID"
"TRIGGER","BIU_XXPEN_HR_PENSION_PARTICIPANTS_TRG","VALID"
"TRIGGER","BIU_XXPEN_HR_PLAN_BENEFIT_INFO_TBL","VALID"
"TRIGGER","BIU_XXPEN_HR_PROJECTED_CONSOLIDATED_EAR_HOUR_TBL","VALID"
"TRIGGER","BIU_XXPEN_HR_PROJECTED_SERVICE_TIME_LINES_TBL","VALID"
"TRIGGER","BIU_XXPEN_HR_QDRO_TBL","VALID"
"TRIGGER","BIU_XXPEN_HR_SERVICE_TIME_HEADERS_TBL","VALID"
"TRIGGER","BIU_XXPEN_HR_SERVICE_TIME_LINES_TBL","VALID"
"TRIGGER","BIU_XXPEN_HR_SUMMER_MONTHS_FLAT_TBL","VALID"
"TRIGGER","BIU_XXPEN_HR_SUMMER_MONTHS_TBL","VALID"
"TRIGGER","TRG_XXPEN_HR_ADMIN_FIELDS_TBL","VALID"
"TRIGGER","TRG_XXPEN_HR_ADMIN_TRACKING_TBL","VALID"
"TRIGGER","TRG_XXPEN_HR_COMMON_LOOKUPS_TBL","VALID"
"TRIGGER","TRG_XXPEN_HR_ERD_TBL","VALID"
"TRIGGER","TRG_XXPEN_HR_ESTIMATES_USED_BY_TBL","VALID"
"TRIGGER","TRG_XXPEN_HR_FACTORS_TBL","VALID"
"TRIGGER","TRG_XXPEN_HR_FINAL_AVG_EAR_ESTIMATE_TBL","VALID"
"TRIGGER","TRG_XXPEN_HR_LIMITS_TBL","VALID"
"TRIGGER","TRG_XXPEN_HR_PENSION_CAL_TBL","VALID"
"TRIGGER","TRG_XXPEN_HR_PENSION_FIELD_MASTER_TBL","VALID"
"TRIGGER","TRG_XXPEN_HR_PLAN_CALC_ATTR_TBL","VALID"
"TRIGGER","TRG_XXPEN_HR_PROJECTED_EARN_HOURS_ESTIMATE_TBL","VALID"
"TRIGGER","TRG_XXPEN_HR_PROJECTED_FINAL_AVG_EAR_TBL","VALID"
"TRIGGER","TRG_XXPEN_HR_PROJECTED_SERVICE_TIME_HEADERS_TBL","VALID"
"TRIGGER","TRG_XXPEN_HR_SERVICE_TIME_HEADERS_ESTIMATE_TBL","VALID"
"TRIGGER","TRG_XXPEN_HR_SERVICE_TIME_LINES_ESTIMATE_TBL","VALID"
"TRIGGER","TRG_XXPEN_HR_SICK_LEAVE_TBL","VALID"
"TRIGGER","TRG_XXPEN_PERSONAL_FAVORITES","VALID"
"TRIGGER","TRG_XXPEN_PERSONAL_FAVORITES_LINES","VALID"
"TRIGGER","XXPEN_HR_NOTIFICATIONS_TRG","VALID"
"TRIGGER","XXPEN_HR_PAYMENT_INFO_TBL_T","VALID"
"TRIGGER","XXPEN_HR_PAYMENT_STATUS_TBL_T","VALID"
"VIEW","ADMIN_TABLES_VIEW","VALID"
"VIEW","EMP_DEPT_V","VALID"
"VIEW","XXPEN_HR_CONSOLIDATED_EAR_HOUR_VIEW","VALID"
"VIEW","XXPEN_HR_FINAL_EARN_HOURS_ADJUSTMENT_VIEW","VALID"
"VIEW","XXPEN_HR_FINAL_EARN_HOURS_VIEW","VALID"
"VIEW","XXPEN_HR_JOB_PERIODS_VIEW","VALID"
"VIEW","XXPEN_HR_JOB_PERIODS_VIEW_BKP","VALID"
"VIEW","XXPEN_HR_JOB_PERIODS_VIEW_BKP_LAST","VALID"
"VIEW","XXPEN_HR_JOB_PERIODS_VIEW_BKP_LATEST","VALID"
"VIEW","XXPEN_HR_JOB_PERIODS_VIEW_TESTING_NEW","VALID"
"VIEW","XXPEN_HR_SERVICE_COS_CREDIT_VIEW","VALID"
"VIEW","XXPEN_HR_SERVICE_COS_ELIGIBILITY_FIRST_VIEW","VALID"
"VIEW","XXPEN_HR_SERVICE_COS_ELIGIBILITY_VIEW","VALID"
"VIEW","XXPEN_HR_SERVICE_CREDIT_VIEW","VALID"
"VIEW","XXPEN_HR_SERVICE_ELIGIBILITY_VIEW","VALID"
"VIEW","XXPEN_HR_SERVICE_TIME_HEADERS_VIEW","VALID"
"VIEW","XXPEN_HR_SERVICE_TIME_LINES_VIEW","VALID"
"VIEW","XXPEN_HR_SUMMER_MONTHS_FLAT_VIEW","VALID"
"VIEW","XXPEN_HR_SUMMER_MONTHS_VIEW","VALID"
"VIEW","XXPEN_PENSION_PARTICIPANTS_BENEFIT_VIEW","VALID"
"VIEW","XXPEN_PENSION_PLAN_INFORMATION_VIEW","VALID"

712 rows selected.

SQL> spool off
